id,first_name,last_name,email,gender,ip_address
1,Whitman,Lemonby,wlemonby0@vkontakte.ru,Male,108.43.46.225
2,Annette,Dunrige,adunrige1@diigo.com,Female,8.93.93.127
3,Ashton,Jorger,ajorger2@istockphoto.com,Male,9.66.76.157
4,Jilli,Wherry,jwherry3@google.fr,Female,92.200.210.126
5,Carlotta,Cellone,ccellone4@nyu.edu,Female,15.217.112.223
6,Clarice,Lown,clown5@webeden.co.uk,Non-binary,58.25.189.165
7,Ely,Tolson,etolson6@constantcontact.com,Male,2.99.237.34
8,Wittie,Wayon,wwayon7@shinystat.com,Male,66.122.151.189
9,Joly,Ellif,jellif8@moonfruit.com,Agender,71.23.97.136
10,Jacques,Berthod,jberthod9@miitbeian.gov.cn,Male,185.157.90.157
